{"cameraMode":{"drawMode":0,"name":"Shaded","section":"Shading Mode"},"sceneLighting":false,"audioPlay":false,"sceneViewState":{"m_AlwaysRefresh":false,"showFog":true,"showSkybox":false,"showFlares":true,"showImageEffects":true,"showParticleSystems":true,"showVisualEffectGraphs":true,"m_FxEnabled":true},"in2DMode":false,"pivot":{"x":-2.7481768131256105,"y":1.4799420833587647,"z":13.331538200378418},"rotation":{"x":-0.20616866648197175,"y":0.6668643951416016,"z":-0.19994783401489259,"w":-0.6875861883163452},"size":3.6843297481536867,"orthographic":false}